,Upstream Regulator,Expr Log Ratio,Molecule Type,Predicted Activation State,Activation z-score,p-value of overlap,Target Molecules in Dataset,Mechanistic Network,sample,sig
0,IRGM, ,enzyme,Inhibited,-4.515,1.67e-20,"APOBEC3F,APOBEC3G,B2M,CGAS,DDX58,DDX60,DDX60L,DHX58,GBP1,GBP4,HERC5,HLA-B,HLA-F,IFI16,IFI35,IFI44L,IFIH1,IFIT1,IFIT2,IFIT3,ISG15,MX1,MX2,OAS1,OAS2,OASL,RSAD2,UBA7,UBE2L6", ,24hr_PROT_unique,True
1,Interferon alpha, ,group,Activated,4.096,6.890000000000001e-17,"APOBEC3F,APOBEC3G,BCL2L13,CASP1,CGAS,CHMP5,CLTCL1,CMTR1,DDX58,DHX58,EIF1,EIF2AK2,GBP1,HELZ2,HERC5,HLA-F,IFI35,IFI44L,IFIH1,IFIT1,IFIT2,IFIT3,IGLL1/IGLL5,IRF8,ISG15,LAP3,LGALS9,MX1,MX2,NT5C3A,OAS1,OAS2,OAS3,PARP10,PARP12,PARP14,PARP9,PARVG,PML,RABGAP1L,RBCK1,RNF213,RSAD2,SAMD9,SERPINB9,SLC1A5,SLFN5,SPRY2,STAT1,STAT2,STAT4,TAP1,TAP2,TGFB1,UBA7,UBE2L6,UNC93B1",101 (7),24hr_PROT_unique,True
2,RC3H1, ,enzyme,Inhibited,-3.962,1.88e-15,"APOBEC3C,CD44,DDX58,FOSL1,HLA-F,HSPB1,IFI16,IFI44L,IFIT1,IFIT2,IFIT3,ISG15,MX1,OAS1,OAS2,OAS3,PARP9,RSAD2,STAT1,STAT2,TRIM21,TRIM25,TRIM56", ,24hr_PROT_unique,True
3,IFNL1, ,cytokine,Activated,5.107,1.35e-13,"CMPK2,DDX58,DDX60,DDX60L,EIF2AK2,GBP1,HERC5,HLA-B,HLA-C,IFI35,IFI44L,IFIH1,IFIT1,IFIT2,IFIT3,ISG15,MX1,OAS1,OAS2,OAS3,OASL,PML,RSAD2,SAMD9,STAT1,STAT2,UBE2L6",43 (3),24hr_PROT_unique,True
4,PRL, ,cytokine,Activated,4.797,4.3700000000000006e-13,"ATP2A2,CMPK2,CTSD,DDX58,DDX60L,DHX58,DTX3L,EIF2AK2,HELZ2,HERC5,IFI35,IFI44L,IFIH1,IFIT1,IFIT3,ISG15,JUN,MX2,OAS1,OAS2,OAS3,PARP10,PARP12,PARP14,PNPT1,RSAD2,SAMD9,STAT2,TRIM25",57 (4),24hr_PROT_unique,True
8,MAPK1,-0.504,kinase,Inhibited,-4.562,7.32e-12,"AURKA,DDX58,EHD1,EIF2AK2,ERAP1,ERP29,FN1,GBP1,HERC5,HLA-B,HLA-C,HLA-E,IFI16,IFI35,IFIH1,IFIT1,IFIT2,IFIT3,ISG15,LAP3,MKI67,MVP,MX2,NT5E,NUP188,OAS1,OAS2,OAS3,OASL,PARP12,PML,PSME2,SPRY2,STAT1,STAT2,TAP1,TRIM21,TRIM25,UBE2I,UBE2L6,UTP18,VIM", ,24hr_PROT_unique,True
9,NONO,-0.365,transcription regulator,Activated,5.698,6.53e-11,"CMPK2,DDX58,DDX60,DDX60L,EIF2AK2,GBP1,GBP4,HERC5,IFI44L,IFIH1,IFIT1,IFIT2,IFIT3,ISG15,MX1,MX2,NT5C3A,OAS1,OAS2,OAS3,OASL,PARP14,PARP9,PML,PNPT1,RNF213,RSAD2,SAMD9,SLFN5,STAT1,STAT2,TRIM25,UBE2L6", ,24hr_PROT_unique,True
10,TGM2,2.017,enzyme,Activated,3.093,8.320000000000001e-11,"C3,CD36,CDK6,CFP,DDX60,DDX60L,EHD1,FCER1G,GTPBP10,HK3,HLA-B,IFI35,IFIT1,IFIT2,IFIT3,ITGAX,LGALS9,LSP1,MDN1,MMP2,MMP9,NPC2,OAS1,OAS2,OAS3,OASL,OTUD6B,PARP14,PARP9,POR,RNF213,S100A8,SIRPA,SLC25A15,SLC25A20,SLFN5,SLPI,STAT1,TAP1,TGFB1,THBS1,TTC27,UBA7",100 (4),24hr_PROT_unique,True
12,IFNL4, ,cytokine,Activated,3.137,2.02e-10,"DDX58,DHX58,IFIH1,IFIT1,ISG15,MX1,OAS1,OAS2,OASL,STAT1",34 (3),24hr_PROT_unique,True
14,miR-182-5p (and other miRNAs w/seed UUGGCAA), ,mature microRNA,Inhibited,-3.719,3.8199999999999997e-10,"CMPK2,DDX58,DDX60,DDX60L,FN1,IFI44L,IFIT1,ISG15,OAS2,RSAD2,SAMD9,SERPINE2,SLFN5,STAT1", ,24hr_PROT_unique,True
26,RNY3, ,other,Activated,3.464,1.12e-07,"DDX60,HERC5,IFI44L,IFIT1,IFIT3,ISG15,MX1,OAS1,OAS2,OAS3,OASL,RSAD2",119 (7),24hr_PROT_unique,True
28,STAT1,2.046,transcription regulator,Activated,3.330,1.35e-07,"APOBEC3G,C4A/C4B,CD14,CTSS,DDX60,FCER1G,GBP1,GBP2,GBP4,HLA-E,IFI35,IFI44L,IFIH1,IFIT1,IFIT2,IFIT3,IRF8,ISG15,MMP9,MX1,OAS1,OAS2,OAS3,PARP9,STAT1,TAP1,TRIM21",31 (2),24hr_PROT_unique,True
31,BTK,0.046,kinase,Inhibited,-2.500,2.15e-07,"BAG1,CCL4,IFI35,IFI44L,IFIT1,IFIT3,IL4I1,ISG15,ITGAX,JUN,MX1,MX2,OAS2,OAS3,RELA,STAT1",140 (9),24hr_PROT_unique,True
33,JAK, ,group,Activated,3.148,1.02e-06,"DDX58,EIF2AK2,IFIH1,IFIT1,IFIT2,IFIT3,ISG15,RSAD2,STAT1,VIM",34 (3),24hr_PROT_unique,True
34,IL1RN,1.373,cytokine,Inhibited,-3.748,1.19e-06,"CD44,CTSS,DDX58,GBP1,IFI44L,IFIH1,IFIT3,LGALS9,MX1,MX2,OAS1,OAS2,OAS3,OASL,PML,RSAD2,SAMD9,STAT2,THEMIS2",80 (7),24hr_PROT_unique,True
36,FOXC1, ,transcription regulator,Activated,3.411,1.53e-06,"B2M,CSTA,ECM1,GBP1,GBP4,HLA-B,HLA-C,HLA-F,IFI35,IFIT1,IFIT2,IFIT3,IGFBP3,ISG15,KRT10,MX1,OAS1,OAS2,OAS3,OASL,STAT1,STAT2", ,24hr_PROT_unique,True
38,IRF9, ,transcription regulator,Activated,2.236,2.8e-06,"GBP1,IFIT1,IFIT2,IFIT3,MX1,OAS2,STAT1,STAT2", ,24hr_PROT_unique,True
40,HSF1, ,transcription regulator,Inhibited,-2.276,4.38e-06,"ABCB1,BAG3,BAX,CBX3,DNMT1,EFEMP1,FBLN1,HMOX1,HSPB1,HSPE1,ITGB5,MBOAT7,MRPL18,NASP,NCOR1,NFATC2,RAB5C,RANBP1,RRAD,SERPINH1,SMC1A,SSBP1,ST13,STAT6,STIP1", ,24hr_PROT_unique,True
41,CGAS,-0.750,enzyme,Activated,2.810,5.25e-06,"DDX60,HERC5,IFI44L,IFIT1,IFIT2,IFIT3,OAS1,RSAD2",54 (5),24hr_PROT_unique,True
43,SOCS1, ,other,Inhibited,-3.060,6.02e-06,"BAX,DDX58,IFIH1,IFIT1,IFIT2,ISG15,MX1,OAS1,OAS2,RELA,RSAD2,STAT6,TGM2",36 (3),24hr_PROT_unique,True
45,IFNB1, ,cytokine,Activated,2.861,8.3e-06,"CASP1,IFIH1,IFIT1,IFIT2,IFIT3,ISG15,MMP9,MX1,OAS2,PML,STAT1,STAT2",56 (5),24hr_PROT_unique,True
46,IFNA1/IFNA13, ,cytokine,Activated,2.376,9.37e-06,"IFIT2,ISG15,MX1,OAS2,RSAD2,STAT1",31 (3),24hr_PROT_unique,True
49,IRF1, ,transcription regulator,Activated,2.596,1.91e-05,"B2M,CASP1,CMPK2,ERAP1,HELZ2,IFIT1,IFIT3,MX1,PSME1,PSME2,STAT2,TAP1,TAP2,TAPBP", ,24hr_PROT_unique,True
52,SGPL1,0.190,enzyme,Activated,2.412,2.2e-05,"BAX,DDX58,IFIT1,ISG15,MX1,OAS1",54 (5),24hr_PROT_unique,True
56,SPI1,0.098,transcription regulator,Activated,2.243,3.229999999999999e-05,"CCL4,CHI3L1,CMPK2,CTSS,HELZ2,HK3,IFI44L,IFIT1,IFIT2,IFIT3,IL1RN,ISG15,MT1G,MX1,OASL,PARP12,PRTN3,PTPN6,RSAD2,VIM", ,24hr_PROT_unique,True
60,IRF3, ,transcription regulator,Activated,2.057,4.3200000000000007e-05,"DDX58,FN1,IFI44L,IFIH1,IFIT1,IFIT2,IRF5,ISG15,MMP9,OAS1,RSAD2,VIM",173 (12),24hr_PROT_unique,True
62,PRKCA,-0.014,kinase,Activated,2.208,5.2300000000000004e-05,"APOBEC3G,ARHGDIB,ARPC2,FN1,IFIT1,IFIT3,IGFBP3,JUN,MMP9,OASL,PML,RSAD2,RUNX1,SEC23IP,UBAP2L",209 (15),24hr_PROT_unique,True
80,RACK1,0.626,enzyme,Inhibited,-2.433,0.000149,"DDX60,HERC5,IFIT2,IFIT3,ISG15,RSAD2",34 (3),24hr_PROT_unique,True
96,TLR7, ,transmembrane receptor,Activated,2.500,0.000362,"CCL4,CD44,IFI35,IFI44L,IFIT1,IFIT3,IL4I1,IRAK4,ISG15,MX1,MX2,NFKB1,OAS2,OAS3,PLAU,STAT1",174 (14),24hr_PROT_unique,True
99,GAPDH,-0.126,enzyme,Inhibited,-2.359,0.00039,"CCL4,FCER1G,HLA-C,IFIT2,OAS1,OAS2,OAS3,STAT1,UBE2L6",38 (4),24hr_PROT_unique,True
100,IFN Beta, ,group,Activated,2.425,0.000405,"EIF2AK2,FN1,HLA-B,IFIH1,IFIT1,MX1,OAS1,OAS2,SPRY2,STAT1",81 (7),24hr_PROT_unique,True
107,TLR9, ,transmembrane receptor,Activated,3.051,0.0005269999999999999,"CCL4,IFI35,IFI44L,IFIT1,IFIT3,IL4I1,ISG15,MX1,MX2,NAMPT,OAS2,OAS3,STAT1",130 (10),24hr_PROT_unique,True
116,NR3C1,0.042,ligand-dependent nuclear receptor,Inhibited,-2.207,0.000719,"A2M,APOE,ARRB1,BABAM2,BAG1,BAG2,BAG3,BCOR,CEBPB,COL1A1,CORO1C,CTNNBL1,DAD1,DYNLL1,DYNLL2,ELMOD2,FN1,GLUL,HSD11B1,IFIH1,JUND,NAMPT,NFKB1,NFKB2,NLRP3,PDCD4,PEA15,PPP3CA,PRKCI,PSEN1,PTRH2,RELA,ROCK1,RRAGC,RTN4,SAP30BP,SERPINB9,STAT6,SUMO2,TADA3,THBD,TRAF1,UBE2K,WDR26,YWHAG,YWHAH,YWHAZ", ,24hr_PROT_unique,True
120,STING1,0.100,other,Activated,2.429,0.000837,"IFI44L,IFIT1,IFIT2,ISG15,OAS1,RSAD2",31 (3),24hr_PROT_unique,True
127,NEUROG1, ,transcription regulator,Inhibited,-2.309,0.000986,"ASS1,C3,CD82,CFH,FN1,LCP1,MMP9,PPIC,S100A4,SERPINF1,SQOR,THBS1", ,24hr_PROT_unique,True
128,EIF2AK2,1.561,kinase,Activated,2.644,0.000986,"DDX58,EIF2AK2,IFI35,IFIT1,ISG15,JUN,OAS1,OAS3,PARP12,PARP9,STAT1,UBE2L6",56 (5),24hr_PROT_unique,True
142,PAF1,0.001,other,Activated,3.162,0.00185,"DDX58,HELZ2,HERC5,IFI44L,IFIT3,ISG15,OAS2,OAS3,OASL,ZNFX1", ,24hr_PROT_unique,True
143,JAK1,-0.410,kinase,Activated,2.646,0.0018800000000000002,"HLA-A,HLA-C,HLA-F,IFIT2,MMP2,MX1,STAT1",35 (3),24hr_PROT_unique,True
144,RARA, ,ligand-dependent nuclear receptor,Inhibited,-2.982,0.0018899999999999998,"ANO10,APOC3,ARPC5L,CD14,CD44,CDK1,CP,CTSS,DNAJC21,ENY2,GDF15,HLA-B,HLA-C,HNRNPD,IFI44L,INIP,LGALS1,NCOA5,PGLS,RAP1A,RSAD2,SAMD9,SFPQ,SLC7A11,TAPBP,THBD", ,24hr_PROT_unique,True
156,WWTR1, ,transcription regulator,Inhibited,-2.184,0.00282,"CD44,DDX58,FN1,IFIH1,MX1,OAS1,STAT1,TK1",35 (3),24hr_PROT_unique,True
172,ZEB1, ,transcription regulator,Activated,2.959,0.00412,"COL1A1,COL1A2,EHD1,FN1,NRP1,PLAU,TGFBI,THBS1,VIM", ,24hr_PROT_unique,True
175,CUL4B,0.351,other,Activated,2.236,0.004220000000000001,"GLO1,NDUFB1,SOD1,TPI1,TPM3", ,24hr_PROT_unique,True
209,COL18A1,0.392,other,Inhibited,-2.137,0.0069099999999999995,"CDKN2C,F10,FN1,JUN,MMP2,NRP1,PDCD5,PLAU,RELA,STAT1,THBS1",92 (5),24hr_PROT_unique,True
210,RARB, ,ligand-dependent nuclear receptor,Activated,2.236,0.0073,"DDX58,IFIT1,SLC2A1,SSR4,STAT1,THBD", ,24hr_PROT_unique,True
214,STAT3,0.436,transcription regulator,Activated,2.113,0.0074,"ATP6AP2,CD44,CHI3L1,COL1A1,COL1A2,DNMT1,FN1,HK2,HMOX1,HNRNPD,IFI16,IL1RN,KAT2B,LILRB4,MMP2,MMP9,NAMPT,NDRG1,NFATC2,NFKB2,NPM1,PSIP1,PTPN2,SLC2A1,STAT1,VIM",179 (11),24hr_PROT_unique,True
224,SNAI1, ,transcription regulator,Activated,2.178,0.00905,"CD55,COL1A1,COL1A2,FN1,MMP9,PEBP1,PFKP,VIM",63 (5),24hr_PROT_unique,True
228,IL6, ,cytokine,Activated,2.061,0.009859999999999999,"ABCC1,ALB,APOB,BAX,C3,CD82,FGA,IL1RN,ITGB5,LYZ,MMP2,NFKB1,PLAU,PLG,SRC,TGFB1,TGM2,THBS1",225 (16),24hr_PROT_unique,True
236,miR-483-3p (miRNAs w/seed CACUCCU), ,mature microRNA,Activated,2.013,0.0104,"ERP29,HMGB3,HNRNPA0,MAPKAPK2,MDC1,MKI67,PGAM1,TACC1", ,24hr_PROT_unique,True
238,TGFB1,1.369,growth factor,Activated,2.411,0.0111,"ALB,BAX,BUB1B,CD44,CDK1,CDKN2C,CHI3L1,COL1A1,COL1A2,COL6A3,CSF1R,ENG,FN1,HMOX1,IGFBP3,JUN,JUND,LASP1,MAPK3,MAPKAPK2,MKI67,MMP2,MMP9,NRP1,PFDN1,PLAU,POSTN,PXN,RELA,S100A4,SERPINH1,SLC3A2,TGFB1,TGFBI,TGM2,THBS1,TPM1,VIM,ZYX", ,24hr_PROT_unique,True
242,PTPN3, ,phosphatase,Activated,2.236,0.0118,"COL1A1,FN1,MMP9,TGFBI,TGM2", ,24hr_PROT_unique,True
244,MAP2K1/2, ,group,Activated,2.765,0.0123,"C3,CDK1,CHI3L1,FOSL1,H2AX,HK2,HSPB1,MMP9,VIM", ,24hr_PROT_unique,True
269,MET, ,kinase,Activated,2.008,0.017,"CD44,FN1,HMOX1,HSPB1,MMP2,PTPN1,VIM", ,24hr_PROT_unique,True
322,PI3K (family), ,group,Activated,2.156,0.0283,"CTSD,FDPS,HMOX1,IFIT1,ISG15,MMP2,MMP9,PREX1,PXN,SLC2A1,TGM2,THBS1,WTAP", ,24hr_PROT_unique,True
346,IL12 (complex), ,complex,Inhibited,-2.573,0.0357,"CCL4,CD44,JUN,MMP2,MMP9,PLAU,STAT4", ,24hr_PROT_unique,True
